{"cameraMode":{"drawMode":0,"name":"Shaded","section":"Shading Mode"},"sceneLighting":true,"audioPlay":false,"sceneViewState":{"m_AlwaysRefresh":false,"showFog":true,"showSkybox":false,"showFlares":true,"showImageEffects":true,"showParticleSystems":true,"showVisualEffectGraphs":true,"m_FxEnabled":true},"in2DMode":false,"pivot":{"x":1.0082917213439942,"y":0.031450480222702029,"z":-0.5329228043556213},"rotation":{"x":0.04137134924530983,"y":0.7225698232650757,"z":-0.04340634122490883,"w":0.688693106174469},"size":1.4503673315048218,"orthographic":false}